nts_업종,매핑유형,sbiz_대분류코드,sbiz_대분류명,sbiz_소분류코드(;),sbiz_소분류명(;),비고
LPG 충전소,1:1,G2,소매업,G21402,가스 충전소,수기 검증
pc방,1:1,R1,"예술, 스포츠 및 여가관련 서비스업",R10406,PC방,수기 검증
가구점,1:1,G2,소매업,G21101,가구 소매업,수기 검증
가전제품수리점,1:1,S2,수리 및 개인 서비스업,S20501,가전제품 수리업,수기 검증
가전제품판매점,1:1,G2,소매업,G20803,가전제품 소매업,수기 검증
간이주점,1:N,I2,음식점업,I21101;I21102;I21104,일반 유흥 주점;무도 유흥 주점;요리 주점,1:N 매핑
간판광고물업,1:1,M1,"전문, 과학 및 기술 서비스업",M11401,명함/간판/광고물 제작,수기 검증
감정평가사,1:N,M1,"전문, 과학 및 기술 서비스업",M10499,기타 회계 관련 서비스업,1:N 매핑
건강보조식품가게,1:1,G2,소매업,G20508,건강보조식품 소매업,수기 검증
건어물가게,1:1,G2,소매업,G20504,건어물/젓갈 소매업,수기 검증
건축사,1:1,M1,"전문, 과학 및 기술 서비스업",M10901,건축 설계 및 관련 서비스업,수기 검증
결혼상담소,1:N,S2,수리 및 개인 서비스업,S21105,결혼 상담 서비스업,1:N 매핑
곡물가게,1:1,G2,소매업,G20501,곡물/곡분 소매업,수기 검증
공인노무사,1:1,M1,"전문, 과학 및 기술 서비스업",M10307,공인노무사,수기 검증
공인회계사,1:1,M1,"전문, 과학 및 기술 서비스업",M10401,공인회계사,수기 검증
과일가게,1:1,G2,소매업,G20506,채소/과일 소매업,수기 검증
교습소ㆍ공부방,1:N,P1,교육 서비스업,P10501;P10629,입시·교과학원;그 외 기타 교육기관,1:N 매핑
교습학원,1:1,P1,교육 서비스업,P10501,입시·교과학원,수기 검증
구내식당,1:1,I2,음식점업,I20701,구내식당,수기 검증
기술ㆍ직업훈련학원,1:1,P1,교육 서비스업,P10625,기타 기술/직업 훈련학원,수기 검증
기술사,1:N,M1,"전문, 과학 및 기술 서비스업",M10903;M10904;M10999,건물 및 토목 엔지니어링 서비스업;환경 관련 엔지니어링 서비스업;기타 엔지니어링 서비스업,1:N 매핑
기타외국식음식점,1:N,I2,음식점업,I20401;I20402;I20403;I20499;I20501;I20599;I20601,경양식;파스타/스테이크;패밀리레스토랑;기타 서양식 음식점;베트남식 전문;기타 동남아식 전문;분류 안된 외국식 음식점,1:N 매핑
기타음식점,1:N,I2,음식점업,I20702;I21099,뷔페;그 외 기타 간이 음식점,1:N 매핑
기타일반의원,1:1,Q1,보건의료업,Q10209,기타 의원,수기 검증
꽃가게,1:1,G2,소매업,G21901,꽃집,수기 검증
내과ㆍ소아과의원,1:1,Q1,보건의료업,Q10201,내과/소아과 의원,수기 검증
노래방,1:1,R1,"예술, 스포츠 및 여가관련 서비스업",R10407,노래방,수기 검증
담배ㆍ복권소매업,1:N,G2,소매업,G20701;R10410,담배/전자담배 소매업;복권 발행/판매업,1:N 매핑
당구장,1:1,R1,"예술, 스포츠 및 여가관련 서비스업",R10310,당구장,수기 검증
독서실,1:1,R1,"예술, 스포츠 및 여가관련 서비스업",R10202,독서실/스터디 카페,수기 검증
동물병원,1:1,M1,"전문, 과학 및 기술 서비스업",M11101,동물병원,수기 검증
목욕탕,1:1,S2,수리 및 개인 서비스업,S20801,목욕탕/사우나,수기 검증
문구점,1:1,G2,소매업,G21302,문구/회화용품 소매업,수기 검증
미용실,1:1,S2,수리 및 개인 서비스업,S20701,미용실,수기 검증
법무사,1:1,M1,"전문, 과학 및 기술 서비스업",M10303,법무사,수기 검증
변리사,1:1,M1,"전문, 과학 및 기술 서비스업",M10302,변리사,수기 검증
변호사,1:1,M1,"전문, 과학 및 기술 서비스업",M10301,변호사,수기 검증
부동산중개업,1:1,L1,부동산업,L10203,부동산 중개/대리업,수기 검증
분식점,1:1,I2,음식점업,I21007,김밥/만두/분식,수기 검증
사진촬영업,1:1,M1,"전문, 과학 및 기술 서비스업",M11301,사진촬영업,수기 검증
산부인과의원,1:1,Q1,보건의료업,Q10207,산부인과 의원,수기 검증
생선가게,1:1,G2,소매업,G20505,수산물 소매업,수기 검증
서점,1:1,G2,소매업,G21301,서점,수기 검증
성형외과의원,1:1,Q1,보건의료업,Q10208,성형외과 의원,수기 검증
세무사,1:1,M1,"전문, 과학 및 기술 서비스업",M10402,세무사,수기 검증
세탁소,1:N,S2,수리 및 개인 서비스업,S20901;S20902,세탁소;셀프 빨래방,1:N 매핑
슈퍼마켓,1:1,G2,소매업,G20404,슈퍼마켓,수기 검증
스포츠교육기관,1:N,P1,교육 서비스업,P10601;P10603;P10605,태권도/무술학원;요가/필라테스 학원;레크리에이션 교육기관,1:N 매핑
스포츠시설운영업,1:N,R1,"예술, 스포츠 및 여가관련 서비스업",R10306;R10308;R10309;R10312;R10313;R10314;R10316,종합 스포츠시설;수영장;볼링장;테니스장;탁구장;기타 스포츠시설 운영업;스쿼시/라켓볼장,1:N 매핑
스포츠용품점,1:1,G2,소매업,G21304,운동용품 소매업,수기 검증
시계ㆍ귀금속점,1:1,G2,소매업,G21701,시계/귀금속 소매업,수기 검증
식료품가게,1:1,G2,소매업,G20509,반찬/식료품 소매업,수기 검증
신경정신과의원,1:1,Q1,보건의료업,Q10203,신경/정신과 의원,수기 검증
신발가게,1:1,G2,소매업,G20910,신발 소매업,수기 검증
실내스크린골프점,1:N,R1,"예술, 스포츠 및 여가관련 서비스업",R10311,골프 연습장,1:N 매핑
실내장식가게,1:1,M1,"전문, 과학 및 기술 서비스업",M11201,인테리어 디자인업,수기 검증
실외골프연습장,1:N,R1,"예술, 스포츠 및 여가관련 서비스업",R10311,골프 연습장,1:N 매핑
안경점,1:1,G2,소매업,G21602,안경렌즈 소매업,수기 검증
안과의원,1:1,Q1,보건의료업,Q10205,안과 의원,수기 검증
애완용품점,1:1,G2,소매업,G22001,애완동물/애완용품 소매업,수기 검증
약국,1:1,G2,소매업,G21501,약국,수기 검증
여관ㆍ모텔,1:1,I1,숙박업,I10102,여관/모텔,수기 검증
여행사,1:N,N1,"사업시설 관리, 사업 지원 및 임대 서비스업",N10501;N10599,여행사;기타 여행 보조/예약 서비스업,1:N 매핑
예술학원,1:N,P1,교육 서비스업,P10609;P10611;P10613,음악학원;미술학원;기타 예술/스포츠 교육기관,1:N 매핑
예식장,1:1,S2,수리 및 개인 서비스업,S21101,예식장업,수기 검증
옷가게,1:N,G2,소매업,G20901;G20902;G20903;G20904;G20905,남성 의류 소매업;여성 의류 소매업;유아용 의류 소매업;한복 소매업;기타 의류 소매업,1:N 매핑
의료용품가게,1:1,G2,소매업,G21502,의료기기 소매업,수기 검증
이륜자동차판매점,1:1,G2,소매업,G20301,모터사이클 및 부품 소매업,수기 검증
이발소,1:N,S2,수리 및 개인 서비스업,S20701,미용실,1:N 매핑
이비인후과의원,1:1,Q1,보건의료업,Q10206,이비인후과 의원,수기 검증
일반외과의원,1:1,Q1,보건의료업,Q10202,외과 의원,수기 검증
일식음식점,1:N,I2,음식점업,I20301;I20302;I20303;I20399,일식 회/초밥;일식 카레/돈가스/덮밥;일식 면 요리;기타 일식 음식점,1:N 매핑
자동차수리점,1:1,S2,수리 및 개인 서비스업,S20301,자동차 정비소,수기 검증
자전거판매점,1:1,G2,소매업,G21305,자전거 소매업,수기 검증
장난감가게,1:1,G2,소매업,G21306,장난감 소매업,수기 검증
정육점,1:1,G2,소매업,G20503,정육점,수기 검증
제과점,1:1,I2,음식점업,I21001,빵/도넛,수기 검증
종합병원,1:1,Q1,보건의료업,Q10101,종합병원,수기 검증
주유소,1:1,G2,소매업,G21401,주유소,수기 검증
주차장운영업,1:1,N1,"사업시설 관리, 사업 지원 및 임대 서비스업",N10301,조경 유지·관리 서비스업,수기 검증
중고차판매점,1:1,G2,소매업,G22201,중고 상품 소매업,수기 검증
중식음식점,1:N,I2,음식점업,I20201;I20202,중국집;마라탕/훠궈,1:N 매핑
채소가게,1:1,G2,소매업,G20506,채소/과일 소매업,수기 검증
철물점,1:1,G2,소매업,G21001,철물/공구 소매업,수기 검증
치과의원,1:1,Q1,보건의료업,Q10210,치과의원,수기 검증
침구ㆍ커튼가게,1:1,G2,소매업,G20906,침구류/커튼 소매업,수기 검증
커피음료점,1:1,I2,음식점업,I21201,카페,수기 검증
컴퓨터판매점,1:1,G2,소매업,G20801,컴퓨터/소프트웨어 소매업,수기 검증
통신판매업,NTS_only,,,,,온라인 쇼핑몰 — SBIZ(점포 기반)에 직접 매핑 없음
패스트푸드점,1:N,I2,음식점업,I21003;I21004;I21006;I21005,피자;버거;치킨;토스트/샌드위치/샐러드,1:N 매핑
펜션ㆍ게스트하우스,1:N,I1,숙박업,I10103;I10104,펜션;캠핑/글램핑,1:N 매핑
편의점,1:1,G2,소매업,G20405,편의점,수기 검증
피부ㆍ비뇨기과의원,1:1,Q1,보건의료업,Q10204,피부/비뇨기과 의원,수기 검증
피부관리업,1:1,S2,수리 및 개인 서비스업,S20702,피부 관리실,수기 검증
한방병원ㆍ한의원,1:N,Q1,보건의료업,Q10104;Q10211,한방병원;한의원,1:N 매핑
한식음식점,1:N,I2,음식점업,I20101;I20102;I20103;I20104;I20105;I20106;I20107;I20108;I20109;I20110;I20111;I20112;I20113;I20199,백반/한정식;국/탕/찌개류;족발/보쌈;전/부침개;국수/칼국수;냉면/밀면;돼지고기 구이/찜;소고기 구이/찜;곱창 전골/구이;닭/오리고기 구이/찜;횟집;해산물 구이/찜;복 요리 전문;기타 한식 음식점,1:N 매핑
헬스클럽,1:1,R1,"예술, 스포츠 및 여가관련 서비스업",R10307,헬스장,수기 검증
호프주점,1:N,I2,음식점업,I21103;I21102,생맥주 전문;무도 유흥 주점,1:N 매핑
화장품가게,1:1,G2,소매업,G21503,화장품 소매업,수기 검증
휴대폰가게,1:1,G2,소매업,G20802,핸드폰 소매업,수기 검증
